Data da Venda,Produto,Quantidade,Preço,Região,Vendedor
2024-02-24,section,55,209,Port Samuel,Carlos Nelson
2024-09-01,speak,65,254,West Carrieberg,Toni Henderson
2024-09-15,small,3,193,Calderonside,Samantha Harris
2024-08-19,recent,39,168,Lake Kristen,Peter Page
2024-08-17,method,90,371,Mckinneyton,Shari Franco
2024-06-21,tonight,3,65,Charlesmouth,Edward Grimes
2024-04-16,me,18,79,Port Tammyfort,Gina Jackson
2024-02-26,yet,40,151,New Haley,Alice Vasquez
2024-07-29,nothing,3,139,Robertsburgh,Heather Thomas
2024-03-31,break,7,445,Hullchester,Christina Carter
2024-02-13,memory,77,498,Lake Anthony,Sandra Hall
2024-08-16,chance,11,156,Gabrielhaven,Damon Glenn
2024-06-11,per,31,14,Lake Michelle,Brian Wallace
2024-01-02,give,56,86,Lake William,Terry Rivera
2024-03-09,training,66,176,Jamesberg,Jennifer Lewis
2024-06-27,white,3,302,New Lisaside,Dustin Mcintyre
2024-05-08,front,52,250,Ericaside,Luke Huff
2024-03-19,garden,16,482,Lake Kathyland,Sheri Garcia
2024-05-09,doctor,17,275,East Wendybury,Henry Mcintosh
2024-01-25,phone,35,212,Hansenburgh,Tammy Stafford
2024-01-27,happy,72,151,Gonzalezberg,Seth Lopez
2024-10-06,ahead,62,334,Maldonadoburgh,Brittany Vang
2024-02-05,represent,22,117,Larahaven,Steven Kelley
2024-03-01,skin,24,122,Davidchester,Penny Carter
2024-07-13,size,94,384,Mclaughlinview,Jeremy Scott
2024-03-09,discover,25,386,West Jeffery,Richard Moreno
2024-09-10,standard,23,199,West Josephtown,Heather Harris
2024-02-28,choice,38,308,Millerside,Dr. Barbara Moore
2024-05-07,second,24,27,Blaketown,Darius Foster
2024-05-19,involve,51,159,Dillonchester,Tiffany Spencer
2024-04-19,leader,97,76,Williamstad,Destiny Phillips
2024-07-29,population,30,235,South Jonathan,Jeremy Miller
2024-07-17,place,53,142,Lake Donnachester,Emma Pratt
2024-02-02,wrong,74,61,Erikabury,Patricia Richardson
2024-05-20,industry,94,182,Stephanieborough,Heidi Johnson
2024-01-13,public,32,237,New Jamie,Lisa Leblanc
2024-05-22,professor,19,219,Schmidtport,Darren Thompson
2024-03-17,to,34,462,South Stacey,Suzanne Adams
2024-06-16,capital,35,399,Brandonland,Howard Scott
2024-02-29,east,91,243,East Ryanside,Lisa Smith
2024-03-14,adult,8,24,Williammouth,William Jones
2024-05-01,wish,88,149,Port Laura,Zachary Bates
2024-06-27,represent,15,33,West Stevenchester,Sara Austin
2024-08-26,evening,63,491,Mccarthyshire,Breanna Mitchell
2024-02-25,degree,13,235,Hancockshire,Tara Swanson
2024-04-16,behavior,82,257,West Sandra,Erica Combs
2024-02-01,hit,48,87,Natalieside,April Weaver
2024-05-17,those,76,76,Kellyborough,Tonya Hansen
2024-06-23,owner,48,392,West Patriciamouth,Tina Pierce
2024-03-24,cause,34,443,Garyville,Andrea Kaiser
2024-01-26,something,49,436,Lake Stephaniefurt,Crystal Alexander
2024-08-01,factor,43,229,Port Robertchester,Kara Evans
2024-01-18,front,92,95,North Davidton,Katie Palmer
2024-07-30,once,96,54,New Patricia,Jennifer Steele
2024-03-06,avoid,70,139,Lukefurt,Amanda Chang
2024-02-07,course,12,120,Jackstad,Anthony Coleman
2024-07-09,late,67,150,Cordovaview,Brooke Ross
2024-07-16,citizen,83,185,South Kathyside,Mary Marshall
2024-07-03,bill,56,98,Jonathanville,Keith Green
2024-04-28,though,70,334,New Kennethtown,Hector Thomas
2024-02-13,start,73,186,Paultown,Julie Pratt
2024-09-03,often,60,228,Mcculloughtown,Nicole Gomez
2024-03-26,discuss,27,170,Morganside,Lynn Benson
2024-04-29,movement,48,428,Johnsonmouth,Kelly Powell
2024-05-12,morning,96,383,Shafferside,Tyler Webb
2024-03-28,past,36,41,North Timothy,Jesse Alexander
2024-04-30,ask,63,317,Payneville,Jeffrey Hansen
2024-10-10,institution,92,40,South William,Alicia Moore
2024-05-25,him,56,12,South Heather,Victoria Jenkins
2024-06-16,turn,27,145,Joyceton,Stephanie Lopez
2024-02-04,value,68,299,Port Lindatown,William Campbell
2024-07-18,military,63,473,West Robert,Brandon Charles
2024-07-23,type,91,494,Kimberlyfort,Emily Lozano DDS
2024-01-16,threat,13,495,North Lisa,Anne Small
2024-08-07,another,77,457,Lake Brianfort,Donald Hayes
2024-03-10,sell,46,448,Port Ashley,Caleb Delgado DDS
2024-07-31,stuff,53,375,Juliemouth,Jessica Harvey
2024-06-02,analysis,82,265,Gonzalezberg,Charles Rodriguez
2024-05-05,Mrs,15,418,Mitchellchester,Jake Austin
2024-09-20,material,7,376,North Matthewmouth,Joseph Zhang
2024-01-04,right,48,147,Sharonside,Katherine Quinn
2024-08-14,reveal,57,19,South Elizabethland,Lynn Thompson
2024-03-06,church,77,185,East Gabrielfurt,James Zimmerman
2024-02-25,article,30,450,New Juan,Maxwell Walker
2024-03-23,send,57,273,Debbiestad,John Leon
2024-08-10,question,2,210,Lake Joel,Kevin Hampton
2024-07-31,reveal,35,68,Sherryville,Meghan Evans
2024-09-27,discussion,49,344,West Tina,Fernando Horton
2024-04-12,think,20,417,South Joel,Christopher Solis
2024-02-23,her,61,304,North Jonathan,Kari Holmes
2024-10-09,response,4,331,West Jasminechester,Laura Estrada
2024-02-16,see,28,197,Lake Julian,Mr. Curtis Klein
2024-07-24,indicate,98,45,Port Andrewstad,Kyle Lopez
2024-06-26,ahead,83,410,South Michelleshire,Jeremiah Simon
2024-10-10,shake,49,204,North Lindsay,Randall Ponce
2024-05-27,protect,63,470,Briannaview,Jeffrey Martin
2024-09-10,street,43,36,North Donaldtown,Mark Bowen
2024-05-17,society,74,263,Adamston,Maria Gibson
2024-01-02,station,44,260,South Tammy,Shawn Harper
2024-03-13,nation,4,183,East Joshuaton,Jonathan Rodriguez
2024-09-26,throughout,35,298,North Phillipfort,Adam Murphy
2024-10-10,hear,57,28,Port Carolynside,Jessica Gentry
2024-05-10,market,42,385,Dylanton,Jennifer Soto
2024-09-27,let,4,321,East Williamhaven,Joseph Carr
2024-01-08,fund,58,246,Jennifertown,Diane Garcia
2024-02-20,human,93,211,Amandaland,Amanda Padilla
2024-01-05,exist,51,152,Christopherchester,James Wilson
2024-01-28,about,53,388,New Meganside,Rachel Reid
2024-04-10,adult,60,272,Port Philliptown,Scott Townsend
2024-06-22,then,72,472,Sandersfurt,Gabriela Marks DVM
2024-01-19,within,4,376,Christianmouth,Cathy Mccullough
2024-09-22,likely,57,113,East April,Jack Wilson
2024-09-26,explain,46,454,Lake Zacharystad,Daniel Robinson
2024-02-13,develop,74,271,Shelbyton,Kylie Jackson
2024-07-03,other,62,312,North Amberburgh,Tyler Williams
2024-09-23,left,22,147,Maryhaven,Christopher Harmon
2024-04-19,line,41,364,Michaelmouth,Ashley Sanchez
2024-10-12,old,52,212,Beckerland,Jennifer Parker
2024-07-06,under,66,499,West Christopherburgh,Andrew Chapman
2024-09-09,yard,11,200,Christianberg,Gloria Cox
2024-03-12,great,61,416,Port Joyceside,Heather Gardner
2024-03-14,thus,79,89,South Kimberlyside,Hayley Tucker
2024-01-31,remain,73,326,Buchananmouth,Sabrina Gillespie
2024-03-22,teacher,34,150,Lake Marcus,Willie Roberts
2024-03-02,once,26,212,Hornchester,Wanda Moran
2024-01-11,drug,42,28,North Anthonyton,James Clark
2024-01-24,environmental,76,463,Jeanneton,Cassandra Anderson
2024-05-01,teach,98,418,Lorettaborough,Laura Cook
2024-10-07,crime,91,186,East Jamesside,Ivan Ingram
2024-01-06,world,70,134,West Stacy,Joseph Moore
2024-05-21,act,94,269,Juanchester,Ashley Vargas
2024-02-07,career,47,48,West Francis,Christina Clark
2024-07-27,visit,95,398,Mccormickmouth,Michelle Yang
2024-02-04,occur,84,55,East Gailville,Andrea Bell
2024-01-12,itself,93,485,Olsonfurt,Victoria Powell
2024-03-05,cause,58,320,Whitefort,Carol Thompson
2024-01-06,eat,86,315,North Robertburgh,James Moses
2024-01-13,area,49,310,Mossport,Claire Duran
2024-08-31,create,8,73,Ralphmouth,Paul Chandler
2024-10-05,everybody,53,360,Hannahville,Holly Alexander
2024-05-03,right,65,294,Cynthiachester,Patrick Pope
2024-01-03,think,32,63,West Markburgh,Kristopher Clark
2024-07-29,allow,25,23,West Matthew,Veronica Strong
2024-07-12,would,80,62,South Michelle,Rodney Fernandez
2024-02-04,training,67,106,Jenniferland,Jennifer Harrison
2024-08-30,successful,4,320,Clarkside,Timothy Joyce
2024-07-30,clear,3,107,Port Katiestad,Hannah Oliver
2024-06-12,late,94,310,Loristad,Jessica Walker
2024-02-08,you,95,396,Port Seth,Andrew Miller
2024-03-10,strong,8,362,Sandersshire,Carolyn Trujillo
2024-05-17,right,10,60,North Paulamouth,Michael Keller
2024-09-12,thought,97,321,New Andrea,Eddie Mcdonald
2024-09-05,development,56,302,Lake Davidland,Leslie Gardner
2024-07-30,create,70,295,Davidport,Lisa Watson
2024-04-24,that,91,241,Scottmouth,Lisa Vega
2024-07-11,little,69,77,Hughesland,Melissa Webb
2024-09-08,serious,27,243,East Georgeshire,Sarah Harris
2024-02-27,return,44,74,Christopherberg,Johnny Hughes
2024-08-16,soldier,18,75,Stewartchester,Megan Reynolds
2024-01-02,product,28,62,Lake Manuelbury,Grace King
2024-09-30,offer,47,394,Clayview,Loretta Richardson
2024-07-25,thank,24,178,Port Todd,Angela Lynch
2024-06-09,save,17,35,Riveratown,Jennifer Nelson
2024-01-09,several,19,433,Lake Evelynville,Joshua Lopez
2024-05-27,attorney,81,427,Thomashaven,Nancy Hernandez
2024-10-09,dark,64,228,Lisatown,Scott Anderson
2024-03-06,less,36,82,South Walterbury,Jill Gonzalez
2024-04-06,catch,40,485,South Katherineton,Jackie Martin
2024-06-06,eat,94,333,South Stephenmouth,Michele Thompson
2024-06-21,discuss,100,261,West Scott,Emma Burns
2024-09-26,soldier,38,435,Russoport,Shawn Benton
2024-04-07,power,17,266,North Jennifer,Kent Brooks
2024-08-14,reach,16,19,New Samantha,Jeffrey Bush
2024-07-25,save,43,469,Martinport,Raymond Valencia
2024-04-02,people,17,394,Lewisfort,Diane Perry
2024-05-17,into,30,12,North Stephanieborough,Joshua Hunt
2024-03-10,even,6,249,Cabreramouth,William Smith
2024-05-24,owner,70,119,Gonzalezmouth,Juan Ruiz
2024-04-19,instead,42,455,South Pamela,David Burnett
2024-06-09,recognize,10,265,Lake Erin,Brittany Howe
2024-03-22,citizen,55,41,Port Margarethaven,Regina Rosales
2024-02-05,record,56,265,Sarahmouth,Russell Mitchell
2024-05-23,set,83,110,Jessicahaven,Patrick Myers
2024-03-27,pretty,45,458,Hugheschester,David Preston
2024-01-04,group,44,28,Perezmouth,Nicholas Klein
2024-09-26,travel,1,209,New Patrick,Charles Green
2024-06-14,offer,58,181,Port Joshuaport,Elizabeth Williams PhD
2024-03-02,amount,21,81,New Jasontown,Heather Crosby
2024-03-31,after,3,22,Brownbury,Antonio Poole
2024-09-21,likely,77,183,Lesliefort,Christopher Mayo
2024-08-05,leave,58,184,Hudsonside,Justin Perry
2024-10-07,phone,8,286,Port Wendy,Tonya Hopkins
2024-07-11,level,74,401,Chaseside,Andrew Harris
2024-07-09,under,26,64,South Caitlin,Molly Silva
2024-01-02,continue,81,317,New David,Jenny Hoffman
2024-05-17,begin,25,396,Scottbury,Richard Small
2024-09-01,seven,69,73,East Jamie,Angela Guzman
2024-08-23,such,5,48,Drakehaven,Diana Brown
2024-05-20,claim,72,60,South Alan,Jose Lopez
2024-06-25,care,70,148,New Brenda,Gina Arnold
2024-06-15,with,69,294,North Yolandatown,Gary Hess
2024-04-16,wish,23,265,Brittanyshire,Nicole Higgins
2024-02-16,may,46,107,South Evan,Eugene Lindsey
2024-08-24,father,2,333,West Zachary,Christopher Moore
2024-06-07,machine,78,324,Lake Mark,Karen Owen
2024-10-13,lot,31,66,Barrymouth,Ian Smith
2024-06-03,anyone,38,365,Hunterfort,Allison Simpson
2024-08-12,view,88,414,Tracyborough,Wesley Dillon
2024-06-10,in,7,309,Brownview,William Robinson
2024-08-18,moment,8,39,New Danielport,Candice Soto
2024-06-11,including,40,136,Lake Rachelhaven,Christopher Miller
2024-08-03,blue,83,315,Bradleyville,Jason Jones
2024-10-12,research,81,495,Megantown,Jeffrey Palmer
2024-06-25,organization,58,22,Pattyshire,Justin Dawson
2024-09-19,subject,43,283,West Sharonborough,Walter Ramsey
2024-09-09,difference,40,177,North Jenniferside,Gary Kerr
2024-07-11,hand,86,165,New Carlton,Melissa Clark
2024-03-02,country,10,122,South Johnchester,Stephen Mueller
2024-04-30,better,78,209,East Natalie,Walter Gray
2024-09-22,growth,67,153,North Thomas,Sara Conrad
2024-05-25,them,100,259,South Kevintown,Tracy Ramirez
2024-03-15,small,94,211,Lake Wesleybury,Gwendolyn Murphy
2024-07-14,situation,44,230,West Kaylachester,John Young
2024-06-04,miss,48,197,New Marystad,Joseph Ellison
2024-04-04,get,12,473,South Ronald,David Compton
2024-03-18,piece,100,427,Millershire,Elizabeth Peters MD
2024-03-20,forward,34,47,West Martinbury,Michael Brooks III
2024-07-28,catch,88,424,Wyattstad,Robert Robinson
2024-03-08,public,63,104,Madisonhaven,James Mahoney
2024-10-09,record,40,98,South Virginia,Susan Garcia
2024-02-19,gun,71,175,Sandraborough,Rita Jackson
2024-05-10,enough,11,162,North Williamton,Jeanette Ramos
2024-06-05,line,9,285,Osbornburgh,Ryan Ward
2024-10-13,outside,57,398,Christinaport,Brittany Cohen
2024-04-08,onto,95,471,Marcoborough,Tracy Harris
2024-06-02,white,59,182,Anthonyland,Aaron Smith
2024-01-19,wear,38,369,North Julianshire,Todd Meza
2024-05-19,lose,25,453,West Stephenburgh,Scott Smith
2024-02-11,and,74,81,South Corey,Johnny Ellis
2024-05-05,nor,75,179,Lake Kyle,Yolanda Payne
2024-09-30,significant,29,199,North Debbie,Donna Garcia
2024-06-13,buy,87,474,South Richardfurt,Emma Arnold
2024-01-13,themselves,45,207,Stewartbury,Mr. Sean Kemp MD
2024-06-02,and,66,319,Lake Markview,Corey Morris
2024-03-30,enter,6,213,Angelfurt,Lisa Kelly
2024-07-08,third,36,468,Lake Michaelberg,Anne Cook
2024-06-01,pattern,80,61,East Kelly,Benjamin Cooper
2024-06-15,company,69,188,Pottsborough,Monique Orozco
2024-05-24,decide,30,83,Andrewview,Sarah Anderson DDS
2024-04-22,foot,61,319,Jennatown,Hayley Humphrey
2024-05-29,matter,37,281,East Amy,Steven Oconnor
2024-01-26,move,40,472,North Martin,Hannah Johnson
2024-07-31,hotel,1,110,North Alexandershire,Stephanie Sanchez
2024-07-12,address,39,376,Simpsonborough,Dr. Michelle Simmons MD
2024-07-24,property,12,467,Lawrencefurt,Caitlin Brown
2024-01-20,may,83,193,Burnettstad,Scott Neal
2024-07-17,cut,79,148,North Tinamouth,Joshua Wilson
2024-03-29,word,73,115,North Nicolehaven,Nicholas Miller
2024-06-05,series,75,143,New Robert,Kimberly Jenkins
2024-03-31,city,35,394,South Lawrencetown,Kathleen Schmidt
2024-01-28,pretty,72,112,East Fernando,Meghan Welch
2024-04-02,stand,22,435,Simmonsshire,Rebecca Ball
2024-05-01,loss,1,179,Davidfort,Dr. Laura Morris
2024-02-04,rock,99,83,Lake Omar,Adriana Powers
2024-09-20,land,12,136,South Dustin,Lauren Adams
2024-07-29,fly,51,46,East Austin,Lance Young
2024-07-24,day,12,64,Reynoldsville,Brittany Garrison
2024-03-10,worker,4,135,Murphyport,Dale Alvarado
2024-07-12,push,34,164,Lake Richardborough,Patrick Cherry
2024-07-27,artist,100,210,Port Roberthaven,Linda Farrell
2024-05-21,possible,60,236,Christinatown,Keith Moore
2024-07-25,father,94,323,Saraborough,Reginald Baldwin
2024-02-03,store,78,226,East Nathanfurt,Jennifer Stewart
2024-10-08,of,98,255,North Jasminemouth,Erika Chen
2024-04-07,try,41,430,Lake Matthewfort,Jocelyn Erickson
2024-09-22,exist,85,420,Claytonchester,Eric Simmons
2024-02-20,amount,34,400,Robertside,Paula Holmes
2024-01-18,field,35,371,Yolandatown,Angie Smith
2024-05-22,already,15,395,Sarahtown,Andrew Gonzalez
2024-05-27,avoid,76,410,Schwartzborough,Karen Brown
2024-05-09,too,20,394,Lake William,Kelly Thompson
2024-09-10,dream,96,241,North Brandiview,Jennifer Gray
2024-06-16,couple,59,465,Joshuaport,Kelli Kaufman MD
2024-08-01,together,91,175,Gibsonland,Michelle Tate
2024-02-17,live,26,120,South Tommy,Bryan Adams
2024-07-15,thus,22,101,Jefferyview,Kyle Sanchez
2024-04-14,religious,36,406,Padillahaven,Elizabeth Sims
2024-07-07,safe,35,343,East Mark,Russell Gonzalez
2024-08-03,certain,2,343,East Williamside,Kenneth Martinez
2024-06-03,relationship,49,109,Villegashaven,Laura Higgins
2024-10-04,lawyer,50,132,Youngland,Selena Alexander
2024-04-20,four,38,409,Lake Codyhaven,Steven Carey
2024-01-19,live,92,341,South Troy,Kimberly Burke
2024-08-24,usually,60,357,Nicholasview,Sarah Skinner
2024-09-12,soon,95,486,Port Valerie,Thomas Montoya
2024-05-27,entire,8,83,Lake Daltonshire,Michael Hall
2024-01-21,him,74,97,Benjaminfort,Emily Larsen
2024-05-11,could,89,167,Taylorstad,Jessica Charles
2024-02-01,scientist,75,102,Aprilfort,Nicholas Sandoval
2024-03-22,through,52,154,Fergusonport,Jose Ortiz
2024-01-31,year,9,58,Williamsmouth,Laura Turner
2024-04-27,attorney,97,179,East Timton,Derrick Jones
2024-04-11,who,16,261,Baileyton,James Jones
2024-01-22,rock,66,141,Jeanneville,Sandra Gray
2024-01-23,body,83,375,North Meaganburgh,Eduardo Wall
2024-02-01,speech,64,48,South Ianton,Michael Turner
2024-09-25,project,30,281,North Alexis,Paul Hopkins
2024-09-04,smile,38,365,Hintonmouth,Brianna Johnson
2024-01-01,answer,6,261,Harrismouth,Caroline Lee MD
2024-10-09,those,7,307,West Nicholas,Suzanne Parker
2024-07-06,report,7,431,Port Joel,Amanda Stark
2024-01-24,guy,75,113,Brandihaven,Tara Galloway
2024-05-31,wonder,84,491,East Marcuschester,Kelly Perry
2024-03-19,tough,37,281,Port Patrickport,Daniel Washington
2024-09-19,ahead,14,407,New Jacobberg,Dr. Regina Barnes
2024-04-29,worker,95,33,Port Marcus,Nancy Lee
2024-03-24,theory,61,164,East Dwayneburgh,Katherine Melendez
2024-04-21,such,73,454,South Rodney,Amy Miller
2024-05-18,box,40,134,Davidstad,Margaret Hoffman
2024-05-25,fund,33,438,New Timothybury,Wendy Daniels
2024-04-26,rate,70,165,New Stephaniestad,Dawn Ewing
2024-04-26,item,24,268,Manningborough,James Reed
2024-08-02,free,35,258,Rodriguezstad,Kimberly Solomon
2024-05-20,woman,76,201,Port Crystal,Sarah Hutchinson
2024-02-29,least,33,331,New Elaineside,Heather Munoz
2024-10-12,speech,74,402,Port Susan,Anne Knapp
2024-04-10,tax,31,19,Carrollview,Shannon Burgess
2024-04-06,family,25,365,Rogersstad,Martin Wiggins
2024-01-29,describe,78,358,Lake Christopher,Sean Winters
2024-09-30,avoid,23,273,Tinaberg,Laura Becker
2024-09-05,school,75,288,Hawkinsview,Ronnie Walker
2024-05-15,wait,12,404,South Tina,Patricia Bowen
2024-09-09,two,52,337,New Brittany,Shannon Barrett
2024-10-15,car,7,79,South Andrew,Amy Hanson
2024-06-12,general,68,404,New Christinaland,William Owen
2024-03-25,away,65,470,East Taylor,Tina Howard
2024-01-20,participant,34,447,East Brittneybury,Ashley Jones DDS
2024-10-14,thank,54,32,West Matthew,Dr. Diane Love
2024-09-01,move,23,275,Lawrencemouth,Amy Johnson
2024-01-13,follow,84,194,East Brittany,Timothy Roth
2024-09-29,although,69,48,South Brianaport,Jill Gonzalez
2024-04-27,final,67,49,Christinemouth,Andrew Ross
2024-04-20,national,28,183,Jacksonfort,Thomas Rodriguez
2024-10-09,their,88,73,Port Jermaine,Jorge Thornton
2024-04-03,affect,85,432,Port Crystal,Thomas Patel
2024-09-27,toward,80,437,Lake Jessicafort,Amber Olsen
2024-09-13,human,99,327,Thomasside,Rachel Garcia
2024-04-04,small,31,94,Paulburgh,Holly Schaefer
2024-07-17,behind,91,408,Floresborough,Monica Moore
2024-06-22,personal,13,433,South Tommy,Christina Jones
2024-09-09,yet,65,272,North Jamestown,Erin Johnson
2024-04-21,year,68,295,Seanville,Melinda Bailey
2024-09-05,history,68,403,Leonstad,Elizabeth White
2024-06-28,another,52,200,North Amymouth,Samuel Martinez
2024-07-05,information,87,315,Lake Marissa,Michelle Lawrence
2024-07-27,behind,91,500,Angelmouth,Kevin Mccoy
2024-09-14,able,39,323,West Sandrastad,Denise Mills
2024-02-04,expert,91,304,Walkershire,Pamela Griffin
2024-02-26,begin,85,271,West Roberta,Mark Rush
2024-08-01,lawyer,79,500,West Amanda,Rebecca Baird
2024-08-14,officer,81,183,Lake Christine,Michael Wallace
2024-01-16,plant,54,483,Hollandburgh,John Phillips
2024-08-28,forget,43,108,Jesusland,Jordan Jacobs
2024-08-31,serve,99,347,South Justinbury,Jeffrey Johnson
2024-02-03,allow,38,44,Chadview,Mr. Marc Mcgee
2024-10-09,scientist,1,167,West Jeromefort,Nicholas Guzman
2024-05-01,stuff,80,206,Ballardside,Ashley Edwards
2024-08-21,drive,43,152,New Margaretport,Victoria Russell
2024-07-20,time,82,465,West Ericaland,Daniel Hahn
2024-06-04,activity,66,275,New Gabrielfurt,Kelly Lawson
2024-07-10,total,26,112,Larryfort,Carl Nelson
2024-04-08,yourself,60,410,North Andrea,Cheryl Morgan
2024-10-11,sure,22,111,Heatherstad,Jennifer Sweeney
2024-07-05,point,26,392,Lake Ryan,Victoria Shaffer
2024-01-08,network,2,200,Donbury,John Hodges
2024-09-17,no,83,175,Oliviahaven,Sheri Ward
2024-05-16,hand,71,41,Martinezview,Kimberly Edwards
2024-01-12,light,29,283,Anaborough,Dorothy Simon
2024-06-17,particularly,90,216,Shermanville,Sabrina Hart
2024-04-04,guy,62,461,Hillfurt,Ryan Willis
2024-06-04,case,60,352,East Raymond,Jennifer Young
2024-06-11,institution,97,304,South Marymouth,Danielle Chandler
2024-10-03,head,85,439,Bushhaven,Mark Lee
2024-07-15,plant,63,361,Lake Christopher,Jason Foster
2024-01-22,else,77,369,West Kimberlyberg,Stephanie Jackson
2024-04-29,yes,33,211,Lake Christinaborough,Julie Murphy
2024-04-22,summer,27,239,Joshuafort,Tyler Lee
2024-06-27,industry,80,137,Port Derrick,Wanda Cobb
2024-07-03,design,20,461,East Jamie,William Fisher
2024-04-18,however,67,93,New Jamesside,Kaylee Kim
2024-10-15,part,62,280,South Rebeccaborough,Christopher Howard
2024-09-22,drug,39,161,Lake Tammybury,Kelly Rojas
2024-07-02,role,3,257,South Peterchester,Carolyn Bennett
2024-06-27,let,71,300,East Nancystad,Allison Hall
2024-01-25,cause,45,361,South Laurabury,Sean Sexton
2024-02-10,commercial,80,424,Port Tylerhaven,Jeffrey Matthews
2024-07-14,member,66,38,Port Laurietown,Theresa Howard
2024-03-21,answer,93,408,East Chelseashire,Arthur Jenkins
2024-01-08,nor,90,55,North Adrienne,Sandra Craig
2024-08-03,full,94,308,East Scott,Monica Hill
2024-02-14,seven,23,105,East Marie,Margaret Haynes
2024-04-12,who,4,21,Port Caitlintown,Lindsay Garcia
2024-01-01,clear,100,247,Nicolebury,Beth Rowe
2024-04-24,relationship,62,189,Maciasfort,Dana Wright
2024-07-26,decade,61,324,East Aimeetown,Sharon Vasquez
2024-06-28,south,29,443,West Jacobton,Brenda Burnett
2024-06-18,long,3,26,New Shawnfort,Andrea Parsons
2024-08-30,state,70,39,West Gabrielmouth,James Johnson
2024-06-22,small,54,45,West Stephen,Monica Castro
2024-01-10,south,41,241,West Kevin,Adam Davis
2024-09-09,sound,31,244,West Timothy,Sarah Garrett
2024-09-14,those,63,168,New Benjaminville,Daniel Patel
2024-10-09,area,33,11,Austinport,Zachary Macias
2024-03-10,whose,52,230,Dustinland,Briana Wells
2024-01-13,find,60,120,Patriciaton,Christopher Henry
2024-08-09,TV,62,16,South Jamesberg,Denise Larson
2024-08-09,there,20,419,North Matthewborough,Dr. Shane Oliver
2024-07-12,role,50,262,Lake Michele,Emma Stone
2024-05-20,compare,82,84,Mirandaland,Anthony Freeman
2024-07-30,Republican,10,151,East William,Jacob Wood
2024-03-08,around,15,244,South Nicole,Mason Daniels
2024-04-18,part,38,118,Huntershire,Kim Garcia
2024-09-01,laugh,61,343,East Sabrinastad,Alexander Hensley
2024-04-24,firm,3,135,Lake Sandrahaven,Ian Anderson
2024-02-23,election,88,370,Jenniferfurt,Samantha Alvarez
2024-03-07,wind,100,105,New Brian,Keith Sanchez
2024-06-18,manager,15,261,Waltonfurt,Shannon Cortez
2024-05-08,listen,95,136,Justinburgh,Brian Carter
2024-05-30,few,18,251,Michelleville,Allison Tran
2024-09-21,tend,59,172,Lisaland,Robert Hahn
2024-09-20,front,97,306,Michaelmouth,Adam Mejia
2024-02-09,site,19,133,Charlesburgh,Rachel Sullivan
2024-03-13,eight,38,359,Lake James,Dr. Craig Strong
2024-05-04,study,52,496,East Kaylaport,Joseph Welch
2024-03-23,really,13,206,Lake Danielfurt,Nicole Brennan
2024-07-28,blood,52,417,West Ericburgh,John Cox
2024-06-10,amount,65,172,New Ashley,Christopher Williams
2024-10-11,build,95,24,Mccarthyfort,Michael Neal
2024-09-01,the,19,252,New Richard,Amber Carson
2024-06-20,financial,23,411,Buckhaven,Paul Morris
2024-06-04,around,63,183,West John,Susan Olsen
2024-04-06,inside,96,242,West Nathanstad,Stephanie Watkins
2024-08-24,quality,39,168,West Heatherberg,Tiffany Coleman
2024-09-21,up,45,195,East Joseph,Timothy Frost
2024-03-21,identify,44,303,Wrightland,David Hernandez
2024-07-22,door,2,39,Johnstad,Rhonda Leonard
2024-05-24,compare,96,426,Kimberlyton,Wendy Richard
2024-09-26,race,57,59,Nicholasburgh,Ryan Sparks
2024-03-11,subject,68,380,Williamsville,Lisa Davis
2024-01-25,writer,10,54,Ericfort,Bradley Carlson
2024-04-04,little,21,256,South Meganstad,Shannon King
2024-08-16,water,44,237,West Ashley,Kelly Mitchell
2024-05-19,me,42,14,Elizabethchester,Vanessa Sawyer
2024-03-24,including,77,478,South Keithfort,Joseph Thomas
2024-06-18,investment,69,21,Jeromemouth,Jerome Cole
2024-09-24,effect,3,101,East Cassandra,Jacob Perry
2024-05-18,small,37,282,South Daisy,Jennifer Porter
2024-04-21,sell,11,126,Paigeberg,Megan Hall
2024-09-30,I,48,297,West Tara,Michael Walton
2024-10-13,yet,92,161,East Austinview,Kenneth Cobb
2024-04-30,current,61,164,South Austin,Christopher Ward
2024-07-27,window,26,83,Elizabethton,Aaron Warren
2024-04-21,cultural,20,167,Davidchester,Victoria Callahan
2024-08-29,anything,37,139,Lake Victoriashire,Natalie Ryan
2024-06-06,film,46,318,Thomashaven,Cynthia Cohen
2024-06-24,history,55,41,Annshire,Scott Vazquez
2024-05-23,assume,15,363,West Stacyside,Luke Rivera
2024-08-28,event,76,356,East Brianmouth,Anthony Delgado
2024-01-22,sort,43,128,New Randy,Steven Bowen
2024-03-25,material,36,410,Deanhaven,Michael Thompson
2024-09-25,direction,98,122,Reyeston,Joshua Mcdaniel
2024-03-19,those,30,90,Boydview,Amanda Melton
2024-07-03,lose,29,488,Michaelbury,Joseph Rhodes
2024-03-03,together,11,77,West Teresaborough,Jerry Padilla
2024-10-11,information,84,227,Schroederburgh,Kayla Lopez
2024-01-12,case,82,416,Jamesbury,Rebekah Baker
2024-07-04,now,55,421,West Timothyborough,Shelley Hayes
2024-05-01,still,97,57,East Robertberg,Benjamin Fields
2024-03-29,scene,92,87,Jonesland,Michael Morales
2024-08-21,last,75,249,Transtad,Kathleen Bradley
2024-09-16,past,18,171,Jamesside,Linda Smith
2024-02-13,late,34,419,Elizabethtown,David Cisneros
2024-06-05,drug,39,214,New Barbaramouth,Noah Morris
2024-07-30,fear,59,94,Lake Robert,Mary Mcdaniel
2024-02-02,less,57,331,North Zacharyville,Justin Rodriguez
2024-07-02,federal,15,23,Pattersonfurt,Jonathan Patterson
2024-04-25,door,20,239,North Scottton,Matthew Brock
2024-04-16,itself,22,149,Gonzalezstad,Donna Sims
2024-08-04,capital,83,53,Wardtown,Stephanie Russell
2024-08-16,movie,37,303,Sheltonton,Aaron Ortiz
2024-10-09,base,29,492,Bakerfurt,Michael Jones
2024-05-03,yard,58,404,Port Michaelville,Rebecca Jones
2024-01-30,just,87,259,Adamsborough,Adam Franklin
2024-08-10,soldier,89,190,Port Jakefurt,Lucas Davis
2024-08-01,miss,67,17,Michaelborough,Melissa Hicks
2024-03-11,here,12,221,Brianside,Rebecca Reed
2024-07-01,indicate,33,58,Port Laurashire,Stanley Kelly
2024-10-07,save,74,67,East Audrey,Amanda Marshall
2024-04-03,instead,45,34,New Briannaburgh,Charles Smith
2024-07-27,by,88,392,West Scottside,Daniel Montgomery
2024-04-06,authority,63,486,Lake Amanda,Jamie Kennedy
2024-02-27,security,100,312,Port Darrylton,Kim Kirk
2024-01-10,collection,33,250,Floresmouth,Omar Wilson
2024-02-16,certainly,46,44,Carterstad,John Peters
2024-07-28,indeed,75,236,Port Dawn,William Smith
2024-10-11,fast,38,230,New Elizabethside,Danielle Scott
2024-06-16,among,81,430,North Davidberg,Wanda Long
2024-01-11,baby,78,38,Wilsonborough,Rebecca Nelson
2024-04-12,this,32,64,North Seanshire,Emily Hill
2024-01-29,important,47,310,South Ryanberg,Deborah Rodgers
2024-04-01,country,15,385,Hernandezville,Emma Mendez
2024-08-14,cut,77,377,Stephenberg,Dr. Joshua Perry
2024-04-02,main,82,418,New Michael,Victor Lewis
2024-03-01,plan,79,188,New Monica,Aaron Mills
2024-05-23,dinner,84,80,Brownbury,Lawrence Hester
2024-05-17,agency,77,312,West Nichole,Raven Martinez
2024-10-04,us,39,75,Wrighthaven,Courtney Harper
2024-10-15,left,90,23,South Rachelmouth,Sarah Daniel
2024-09-26,scene,22,449,New Josephton,Drew Norman
2024-04-28,quality,55,364,Benjamintown,Heidi Aguirre
2024-05-21,stand,91,65,East Amberville,Joseph Cook
2024-06-29,you,33,428,Port Noah,Charles Davis
2024-10-08,better,5,416,Edwardshire,Richard Perkins
2024-04-26,hundred,22,203,Alexstad,William Howard
2024-04-26,tell,4,486,Griffinberg,Kelly Morrison
2024-02-17,knowledge,67,398,Barronside,Jacob Oconnor
2024-02-17,adult,67,53,East Kristintown,Shannon Ramsey
2024-07-22,newspaper,59,326,West Karinamouth,Nicole Hamilton
2024-02-04,fund,75,65,West Laurashire,William Le
2024-01-30,son,15,296,West Patrick,Lauren Anderson
2024-03-27,short,14,141,Joseville,Anna Wood
2024-04-17,life,46,187,East Keith,Ms. Toni Mckinney
2024-03-10,history,85,233,Cathychester,Chad Patterson
2024-09-29,sport,6,125,Lake Shannonmouth,Joy Taylor
2024-08-24,west,52,492,East Bryan,Rebecca Smith
2024-05-26,affect,70,444,New Richard,James Pierce
2024-07-07,anyone,82,210,East Vanessaton,Jessica Nguyen
2024-08-13,low,93,355,Shaneshire,James Palmer
2024-05-26,song,72,195,South Dakota,Sherri Hodges
2024-02-09,material,51,249,Lake Richard,Michael Davis
2024-03-07,stuff,27,333,South Melinda,Michael Robinson
2024-06-06,series,42,469,Wardport,Debra Gonzalez
2024-06-18,marriage,49,381,West Cassieport,Nancy Lowe
2024-05-19,collection,30,89,West Davidville,Debra Dougherty
2024-03-22,interesting,97,432,Davidborough,Christopher Ford
2024-09-21,play,40,10,Micheleburgh,Lisa Hartman
2024-07-28,research,91,249,Nicoleshire,Nicholas Rodriguez
2024-04-02,everything,38,358,Emilybury,Tony Ford
2024-01-31,direction,49,86,Sarabury,Matthew Gonzalez
2024-03-19,past,94,95,Colinberg,Randy Shannon
2024-07-18,black,56,423,Smithville,Christina Stanton
2024-07-09,low,81,42,Benjaminborough,Kerri Brooks
2024-09-10,peace,65,431,Jamesside,Calvin Gonzalez
2024-03-13,trial,11,409,Rodriguezborough,Alan Smith
2024-06-15,share,64,258,South Juliahaven,Jason Parsons
2024-09-01,guy,33,470,Marcusberg,Teresa Murray
2024-05-03,finally,21,392,Lake Michael,Kenneth Smith
2024-04-06,huge,55,349,Lake Deniseshire,Sarah Miller
2024-03-01,six,80,461,West Alyssa,Paula Robinson
2024-08-09,pass,35,179,Port Jonathantown,Stephanie Rodriguez
2024-06-23,necessary,55,446,Nataliechester,Megan Macias
2024-01-14,hope,30,113,New Jamie,Margaret Lopez
2024-04-25,music,41,194,Clarkside,Amber Moran
2024-07-23,dark,66,253,North Mark,Michael Martin
2024-07-14,pretty,56,476,Lake Heather,Danielle Gonzales
2024-02-16,person,14,383,Stewartton,Alexander Reeves
2024-06-10,firm,15,277,New Paul,Benjamin Bennett
2024-08-05,real,39,416,Heatherton,Michael Lane
2024-03-17,yard,76,445,Port Sydneyhaven,Cody Moore
2024-02-03,once,20,379,Velazquezland,Sharon Walker
2024-08-05,send,40,207,East Ronald,Molly Nichols
2024-09-20,second,94,312,North Nathanhaven,Curtis Adkins
2024-09-11,quite,18,255,Wileymouth,Kelly Cruz
2024-07-19,light,31,374,Matthewbury,Parker Proctor
2024-03-15,develop,52,406,North Tammyview,Dale Mckenzie
2024-10-11,ground,68,449,Stevensonburgh,John Carter
2024-01-08,force,95,442,New Chadstad,Damon Ellis
2024-02-14,where,76,380,Port Michelle,Cynthia Castillo
2024-08-22,six,64,394,North Jenniferbury,Jennifer Kramer
2024-09-06,they,68,233,Richardsonchester,Joshua George
2024-06-13,budget,39,367,West Robert,Lisa Garcia
2024-06-28,thus,43,249,Collinsfurt,Robin Campbell
2024-09-02,rock,94,461,Jamestown,Joseph White Jr.
2024-07-10,board,55,492,Elizabethstad,Christopher Moore
2024-02-25,wife,95,195,North Cherylport,Trevor Dean
2024-04-08,time,93,299,Paulatown,Todd Mccall
2024-06-08,film,70,442,South Davidmouth,Darrell Day
2024-07-27,stop,24,318,East Erinchester,Kristine Floyd
2024-08-02,oil,56,125,West Taylorfort,Angela Watts
2024-06-04,become,57,12,South Latasha,Kathryn Rodriguez MD
2024-07-26,force,24,429,Harveyhaven,Maria Meyer
2024-03-21,college,18,480,North Jose,Amanda Mccarthy
2024-09-04,area,99,282,Lake Andrea,Travis Cain
2024-09-24,nature,42,389,South Jasmine,Adam Mills
2024-06-14,collection,24,397,East Matthew,Arthur Williams MD
2024-02-16,woman,10,240,Whiteville,Brenda Sharp
2024-02-04,treatment,27,208,Wongland,Robert Williams
2024-01-13,current,25,34,Brandonberg,Emily Hernandez
2024-02-04,anything,74,395,Lake Jamie,Benjamin Rose
2024-09-22,plan,44,388,North Benjaminside,Chase Barry
2024-06-21,front,53,161,Hoganhaven,Victoria Merritt
2024-01-25,head,12,261,Port Hunter,Katie Jackson
2024-04-02,fly,96,260,Bakerbury,Lance Martinez
2024-05-03,be,15,145,Wattsport,Tracy Watson
2024-09-26,serve,62,39,West Kevin,Natasha Jones
2024-01-10,successful,76,49,Port Gregory,Kevin Ibarra
2024-05-25,page,81,407,East Tara,Kenneth Alexander
2024-01-28,exactly,74,414,Angelastad,Samantha Santos
2024-02-29,decision,87,397,Wangside,Ryan Martinez
2024-07-01,recognize,100,198,Lake Samuel,Jodi Moore
2024-06-09,Mr,80,146,Laurafurt,Edward Brown
2024-03-07,your,44,365,Danielmouth,Thomas Le
2024-02-05,forward,94,84,Coxton,Eileen Miller
2024-06-25,pressure,61,95,Lake Michaelview,Billy Little
2024-09-24,card,55,482,Cynthiaton,Caleb Moore
2024-01-07,answer,74,351,Johnmouth,Jason Simpson
2024-07-27,condition,15,358,East Charles,Jack Lowery
2024-01-09,and,40,217,North Johnburgh,Megan Flores
2024-04-24,action,79,435,North Michael,Zachary Johnston
2024-03-26,value,98,268,South Tracie,James Costa
2024-09-02,item,49,375,Stuartmouth,Hannah Jackson
2024-09-20,film,27,447,Salazarton,Joshua Hammond
2024-07-15,the,60,12,West Rebeccahaven,Andrew Johnson
2024-07-22,involve,1,10,New Nicholas,Mariah Stevens
2024-01-14,her,48,232,South Kevin,Brian Benson
2024-07-25,new,21,421,Port Terrenceburgh,Joshua Hunt
2024-02-20,we,12,258,Snyderside,Curtis Mata
2024-01-16,suggest,69,323,Port Chase,Heidi Harper
2024-02-03,bank,25,31,New Helenview,Andrea Middleton
2024-06-25,boy,21,28,Torreshaven,Austin Wolfe
2024-01-17,natural,41,408,Gabrielleborough,Kevin Kelly
2024-04-19,protect,28,348,South Dawnfort,Ryan Cox
2024-03-03,test,99,12,North Julian,Stephanie Klein
2024-07-18,Republican,73,364,Lake Yvettemouth,Vincent Harrington
2024-01-19,consider,20,249,Henrybury,Patricia Murphy
2024-08-19,close,44,59,Emilyview,George Fernandez
2024-05-25,time,7,66,North Christopher,Daniel Wright
2024-03-10,eye,97,441,West Cindyshire,Daniel Smith
2024-02-07,raise,31,152,Carrhaven,Thomas Hill
2024-07-19,economy,73,316,Smithchester,Annette Carroll
2024-03-12,involve,34,178,Lake Jeremyshire,Darrell Williams
2024-06-05,heart,52,202,Lake Leslieport,Jordan Foster
2024-08-15,treatment,56,499,East Danielborough,Lisa Cruz
2024-06-12,bag,78,78,Clarketown,Anthony Ferguson
2024-01-06,moment,50,78,West Ericfurt,Ashley Benson
2024-09-25,up,22,379,Angelafurt,James Reynolds
2024-07-29,assume,28,232,Rachelmouth,James Dillon
2024-03-14,doctor,69,245,Michellefurt,Trevor Young
2024-10-07,sense,28,233,Kelliport,Lori Benson
2024-03-19,way,96,63,Kevinport,Mrs. Heather Delacruz
2024-01-10,although,46,356,West Amandastad,Alyssa Bennett
2024-01-26,he,6,179,Kramerbury,Kelsey Goodman
2024-04-24,perhaps,41,496,Melissatown,Kimberly Lopez
2024-05-16,tax,19,149,Greenmouth,Lauren Trevino
2024-09-01,possible,78,149,North Joshua,Stephanie Young
2024-02-29,significant,24,246,South Peterside,Penny Kennedy
2024-09-17,drive,77,96,East Ianside,Savannah Young
2024-08-09,wait,82,475,Kristenchester,Shelley Beard
2024-08-04,seat,49,475,Orozcomouth,Danny Perez
2024-05-02,think,22,201,New Nicole,Christine Reynolds
2024-08-22,set,82,93,New Mark,Caitlin White
2024-06-20,day,14,110,Clarkchester,Derek Hogan
2024-09-15,green,52,454,Meyersstad,Melissa Clark
2024-03-23,manager,82,465,Smithshire,Heidi Perez
2024-06-22,conference,74,259,West Kevinstad,David Howard
2024-05-04,gas,51,194,South Lisabury,Sean Villanueva
2024-08-09,maintain,86,418,North Stephaniestad,Andrea Boone
2024-04-30,alone,84,249,Kellermouth,Gregory Smith
2024-10-13,crime,72,176,Rebeccaville,Veronica Castillo
2024-04-03,do,96,458,Port Janiceside,Michael Garcia
2024-04-29,factor,63,308,North Racheltown,Elizabeth Lewis
2024-08-16,poor,60,62,Stanleyfort,Elizabeth Jones MD
2024-03-14,religious,72,446,Kaitlynmouth,David Johnson
2024-06-08,research,33,329,West Keith,Mr. Matthew Walls
2024-02-28,name,16,170,Paulmouth,Luis Gutierrez
2024-03-28,carry,99,33,Port Alexis,Brandi Bush
2024-05-12,run,46,231,Taylorchester,Matthew Moyer
2024-09-27,want,39,308,Robinsontown,Lisa Coleman
2024-05-30,issue,20,178,Silvafort,Ronald Wheeler
2024-01-17,ago,13,80,Grimesbury,Charles Dalton
2024-03-22,trade,91,312,New Jaime,Nicole Johnson
2024-05-09,on,80,40,North Brooke,Juan Johnson
2024-04-12,American,34,342,North Charlesside,Andrew Rodgers
2024-09-20,hour,83,398,Lake Paige,Bradley Moreno
2024-04-08,look,3,335,South Diana,Kimberly Golden
2024-02-11,cultural,34,368,Dixonfurt,Stephanie Williams
2024-02-25,eye,37,111,Lake Gina,Sean Lee
2024-04-26,pretty,56,321,Port Kristy,Dominic Williams
2024-09-06,scene,46,45,Port Stevebury,John Lee
2024-06-18,enough,59,260,Brownborough,Wendy Smith
2024-09-28,sign,68,285,Morrowfort,Joshua Rodriguez
2024-05-28,low,65,277,Sanchezmouth,James Cross
2024-05-10,accept,74,152,Stewarttown,Dawn Chapman
2024-02-26,floor,43,80,South Benjamin,Amanda Blackburn
2024-07-19,later,42,272,Greentown,Tony Harrison
2024-09-02,health,30,101,Chasemouth,Catherine Cisneros
2024-04-07,tree,75,321,Jenniferburgh,Mary Turner
2024-07-04,be,83,360,Mckenzieburgh,Tara Hart
2024-07-16,country,36,300,North Natasha,Jill Wallace
2024-03-23,seem,35,127,Millerton,Kimberly Bradford
2024-07-04,star,56,60,Port Richard,Michael Williams
2024-06-05,majority,49,85,Johnton,Alisha Turner
2024-10-02,specific,74,91,Port Kimberly,Edward Parker
2024-07-23,throw,84,57,Port Stacey,Catherine Hines
2024-06-24,speech,29,148,West Zacharyfurt,Diana Neal
2024-06-19,measure,64,438,Kristenberg,Kyle Li
2024-01-29,system,68,499,Penastad,Dr. Jeffrey Sellers
2024-05-31,today,68,99,North Stephanie,Janet Miller
2024-08-10,painting,86,396,Daryltown,Jorge Ward
2024-02-21,every,99,436,New Tracy,Wesley Colon
2024-03-21,let,85,312,Lopezmouth,Molly Edwards
2024-03-31,type,30,339,Patrickville,Glenn White
2024-01-28,raise,86,50,Lake Joseph,John Carter
2024-04-18,up,58,222,North Jonathan,Justin Costa
2024-08-11,physical,60,294,New Christineton,Jacqueline Johnson
2024-07-03,activity,2,189,Port Daniel,Joseph Hart
2024-05-24,middle,77,127,Savannahville,Tami Sanchez
2024-05-26,billion,30,286,West Darleneshire,Amanda Cole
2024-09-18,the,97,203,Lake Hunter,Benjamin Jones
2024-07-26,should,88,160,Johnsonhaven,Rachael Drake
2024-02-19,fire,11,160,Lake Virginia,Vincent Buchanan
2024-09-01,energy,63,147,North Matthewport,Kathleen Clark
2024-06-21,everybody,23,226,South Rodneyview,Adam Carter
2024-02-09,important,24,92,East Patriciabury,Michael Allen
2024-04-21,myself,70,46,Port Tristanchester,Mrs. Ashley Mack
2024-02-20,central,6,169,Flowersview,Chloe Graves
2024-07-16,argue,99,167,Jeremiahview,Rachel Newman
2024-10-01,market,68,370,West Philip,Peter Carter
2024-07-12,pay,62,114,Meltonland,Chad Hunt
2024-06-20,would,18,45,West Sandra,Stephen Bailey
2024-09-11,gun,13,42,Aguilarchester,Luis Morris
2024-09-08,true,30,29,Lopeztown,Charles Barnes
2024-03-15,catch,41,161,New Charlesbury,Paige Payne
2024-08-22,soldier,1,307,New Jessica,Daniel Schneider
2024-03-23,effect,28,362,Daniellebury,James Lopez
2024-05-29,decide,70,69,Bushville,Ashley Kim
2024-02-11,defense,15,389,Velezfort,James Ortega
2024-01-01,agree,64,66,Port Richard,Benjamin Barr
2024-02-11,world,67,111,Francisfort,Rebecca Woods
2024-06-21,mention,84,379,West Bethanyport,Melissa Martinez
2024-03-27,least,97,266,North Wesleyburgh,Leonard Smith
2024-04-24,economy,22,386,Ashleyton,Alexander Lopez
2024-10-02,indeed,100,391,East Steven,Erica Rich
2024-09-21,too,22,73,Lake Stephanie,Carmen Wilson
2024-05-16,moment,71,344,Lake Valerie,Carla Bailey
2024-09-30,significant,69,405,Garciaberg,Kyle Davis
2024-04-13,agree,71,430,Gonzalesview,Robert Richardson
2024-08-26,avoid,22,274,Snyderland,Catherine Flores
2024-07-15,grow,16,493,North Blakeport,Edwin Harris
2024-10-09,blue,75,49,Sheppardtown,Amy Thompson
2024-03-10,really,50,478,Mckinneybury,Valerie Fowler
2024-02-15,true,53,337,East Christineville,Donald Boyer
2024-02-03,any,28,248,South William,Jesus Logan
2024-05-18,price,8,428,South Kimberlymouth,Christopher Miller
2024-06-04,color,6,121,Port Monica,Terri Perez
2024-05-18,simply,48,56,East Douglas,Elizabeth Allen
2024-06-24,throughout,38,160,Riosburgh,Janet Harper
2024-05-03,country,35,318,South Curtismouth,Joseph Conrad
2024-04-12,customer,15,163,North Tracy,Jeffrey Mason
2024-05-21,evening,90,101,South Thomasmouth,Carlos Moore
2024-10-12,hand,59,66,South James,Tracy Patel
2024-09-26,enough,58,351,Williamschester,Patrick Johnson
2024-08-11,soldier,18,124,Nolanberg,Destiny Mitchell
2024-04-03,difference,17,360,New Traceyfort,Mary Jackson
2024-07-19,agree,53,165,Davieston,Ashley Vang
2024-01-13,threat,14,22,Shafferbury,Susan Petty
2024-07-06,truth,39,263,New Vanessa,Cameron Anderson
2024-05-22,too,92,223,East Billyview,Kaitlyn Hodge
2024-08-29,parent,60,124,Leeberg,Mr. Joe Harris
2024-07-04,in,78,249,North Savannahchester,Danielle Young
2024-06-14,order,75,442,Chambershaven,Devon Bailey
2024-02-14,staff,26,103,Lucasville,Mario Montoya
2024-01-08,when,15,198,Marisamouth,Jennifer Schultz
2024-04-07,risk,53,318,Kellyfurt,Madison Henson
2024-10-06,art,95,47,Josechester,James Salazar
2024-02-26,their,83,492,West Logan,Arthur Johnson
2024-02-01,age,46,193,Port Kristinfurt,Richard Carter
2024-05-12,food,87,160,Scottport,Shane Rodriguez
2024-08-18,admit,81,217,Derrickside,Laurie Burns
2024-05-25,throughout,58,398,Duranland,Shane Robertson
2024-01-19,appear,47,121,New Derekchester,Jennifer Mitchell
2024-05-09,actually,38,218,North Monicahaven,Michael Fitzpatrick
2024-06-06,mouth,7,350,North Virginiaburgh,Michelle Barnett
2024-09-18,book,88,84,North Nicholas,Patrick Wilson
2024-09-16,budget,82,356,Johnsonbury,Joyce Carroll
2024-02-03,southern,27,58,North Sara,Nicholas Sanchez
2024-10-12,item,43,48,West Joseph,Kevin White
2024-03-27,let,89,187,New Mark,Lisa Rivers
2024-08-07,network,61,38,West Kristineside,Jonathan Buck
2024-02-06,Republican,41,44,Miguelfort,Tina Hansen
2024-05-10,benefit,100,215,North Hannahside,Gabriel Hayes
2024-06-16,least,59,14,West Lisamouth,Patty Taylor DVM
2024-02-08,although,41,386,Jonesside,Brandon Mccoy
2024-08-20,believe,4,98,Lake Danielle,Matthew Mann
2024-04-12,common,47,206,Taylormouth,Nathan Cortez
2024-07-23,feeling,15,226,Matthewborough,Dr. Katherine Frank
2024-04-22,only,80,471,Port Melissa,Jessica Peterson
2024-05-26,relate,19,490,Maryhaven,Sarah Rasmussen
2024-05-28,check,38,77,Angelaburgh,Amanda Stevenson
2024-07-04,place,41,200,South Heatherside,Sandra Wood
2024-06-29,tend,74,73,West Allisonview,Robert Cantu
2024-03-24,rock,80,352,East Richardside,Douglas Martin
2024-09-19,green,94,434,South Wanda,Adam Hodge
2024-01-24,while,27,451,Stephenstad,Curtis Gonzalez
2024-05-30,never,16,408,Mckayview,Ronald Wilcox
2024-09-29,paper,78,133,Lake Sara,Michelle Norton
2024-02-21,student,1,35,Orozcoville,Betty Trujillo
2024-01-10,direction,73,129,Jaclynfurt,Alexander Barnes
2024-05-21,fear,45,335,North Bradley,Douglas Perry
2024-07-18,national,86,481,Conniechester,Stephen Brown
2024-06-20,series,48,394,Andersonmouth,Elizabeth Melton MD
2024-02-15,politics,49,122,South Tonyaberg,Andrew Pope
2024-08-27,own,7,56,Mikaylaport,Jeremiah Cruz
2024-05-19,raise,3,330,West Derekton,Jesus Williams
2024-05-11,identify,82,86,East Joelmouth,Theresa Lee
2024-02-01,drop,1,376,Johnville,Alexa Castro
2024-02-13,those,75,493,South Bethanyview,Thomas Richardson
2024-09-28,their,46,494,South Laura,Tracy Ramirez
2024-04-27,yourself,38,395,New Jessica,Debra Williams
2024-07-10,may,29,269,Penamouth,Ashley Rogers
2024-05-09,easy,85,150,Port Jessicaborough,Daniel Hawkins
2024-02-13,treatment,88,135,South Amandaview,Christina Clark
2024-07-17,finish,78,116,East Juliebury,Christopher Williams
2024-04-23,this,10,127,Tonyaburgh,Stacey Chung
2024-07-18,might,50,116,East Jason,Eddie Sparks
2024-02-20,rise,49,372,Wallacemouth,Jennifer Barton
2024-02-20,hope,45,425,West Timothy,Ronald Sanford
2024-05-11,environmental,71,36,Alexanderborough,Lisa Mcbride
2024-07-07,themselves,84,388,Amyburgh,Mary Sanders
2024-07-01,indicate,22,443,Scottstad,David Baker
2024-05-28,Congress,26,69,West Joseph,Brittany Gardner
2024-02-07,some,33,306,Lake Patrick,Donna Brooks
2024-03-10,now,100,142,Jamieland,Bruce Williams
2024-09-24,go,40,425,Pageland,Melanie Ford
2024-06-18,truth,71,134,Lake Alan,Jorge Smith
2024-05-21,choose,60,316,West Rebeccamouth,Meghan Mcconnell
2024-03-11,significant,74,442,Stevenside,Randy Jones
2024-03-31,energy,68,90,Lake Virginiatown,Carla Giles
2024-03-15,number,88,485,Murilloburgh,Dr. Clinton Lloyd
2024-08-12,life,66,323,Williammouth,Matthew Johnson
2024-03-26,public,63,500,Richardfurt,Vincent Wood
2024-08-13,shoulder,2,103,Scottview,Mrs. Summer Combs
2024-02-14,miss,79,51,Lake Richard,Dustin Mooney
2024-03-18,no,28,348,Michaelstad,Joshua Gomez
2024-01-05,drug,71,269,New Christopherville,Michael Lawson DDS
2024-05-30,wrong,41,331,North Christine,Claire Roberts
2024-04-27,thus,37,427,South Glen,Rebecca Reid
2024-04-17,community,97,112,Callahanfurt,Paula Bowen
2024-05-04,over,53,12,Madisonside,Alyssa Grant
2024-06-23,well,4,141,West Tammy,Tiffany Barton
2024-07-20,tell,85,115,Nguyenchester,Amber Murray
2024-02-03,team,83,184,East Kennethberg,Kathy Sanchez
2024-04-20,price,8,61,Andrewchester,Tammy Mendoza
2024-10-01,administration,4,382,South Anneside,Denise Arnold
2024-04-04,behind,81,51,Williammouth,Steven Smith
2024-08-19,unit,75,453,South Tylerport,Brian Thomas
2024-10-03,child,51,302,Richardsonberg,Mark Villegas
2024-01-22,bar,69,273,Kennedyburgh,Vanessa Macias
2024-07-25,deep,79,19,North Anaborough,Joanna Castaneda
2024-06-22,entire,48,291,Ryanshire,Caitlin Powers
2024-09-11,relationship,2,104,Michaelbury,Eugene Roberts
2024-01-12,continue,38,462,New Antonioview,Amy Cruz
2024-02-24,talk,72,271,Mccartyland,Patricia Munoz
2024-02-03,describe,10,290,New Kyle,Sandra Webb
2024-04-13,year,67,262,West Peggy,Dana Thomas
2024-02-27,write,100,28,Lawrenceburgh,Jerry Moore
2024-09-29,do,31,410,West Michelle,Luis Dixon
2024-03-11,foot,42,179,South Trevor,Christopher Davis
2024-01-11,drop,59,317,New Tiffanyland,Bryan Morton
2024-09-10,animal,13,102,Anthonychester,Mariah Clark
2024-10-15,whole,71,229,South Jonathanstad,Jasmine Hall
2024-04-09,majority,90,443,North Brendaview,Roberto Allen
2024-03-08,identify,40,470,Lauraland,Brandi Mcfarland
2024-05-18,same,73,106,Derekburgh,Tracy Wilkerson
2024-02-18,moment,36,285,Smithmouth,Kaylee Zimmerman
2024-01-12,hundred,20,149,North Jennifer,Brenda Smith MD
2024-06-27,phone,66,301,New Julie,Ashley Moore
2024-03-01,far,62,473,Brownton,Zachary Vasquez
2024-09-14,us,90,344,Johnsonmouth,Troy Gates
2024-04-14,somebody,22,281,Gregorymouth,Andrea Parker
2024-03-21,act,100,88,Smithside,Justin Peterson
2024-03-06,weight,72,332,South Jacob,Patrick Benson
2024-09-18,difference,51,491,Reidburgh,Anthony Williams
2024-10-13,down,72,425,East Heather,Jacob Davis
2024-03-14,these,14,298,South Ericborough,Jonathan Murphy
2024-03-06,save,52,57,East Jeffrey,Julia Jones
2024-07-18,high,73,189,Riceborough,Ruben Novak
2024-01-04,see,24,378,New Miguelstad,Christopher Mcdaniel
2024-08-08,season,28,315,Danielburgh,Jeffrey Cameron
2024-09-21,face,22,33,Heatherland,Matthew Carpenter
2024-02-05,both,34,38,Port Stacytown,Lorraine Mitchell
2024-04-19,with,31,316,East Tammy,Dennis George
2024-08-11,serve,33,94,Sharonside,Catherine Turner
2024-09-08,involve,16,335,New Elizabethstad,Matthew Brown
2024-09-23,attorney,1,129,Whitehaven,Nicole Jones
2024-07-05,dog,100,301,North Thomas,Bruce Collins
2024-07-17,director,63,20,Tracishire,Virginia Jensen
2024-08-23,another,64,315,Harrisfort,Robert Rodriguez
2024-08-27,within,63,312,South Ronald,Jeffrey Nguyen
2024-03-09,buy,23,340,New Carlosstad,Stephanie George
2024-07-07,indeed,8,190,Brownmouth,Kristy Macdonald
2024-03-07,whose,16,433,Jamesmouth,Kyle Pena
2024-05-29,special,26,391,Sydneyland,Lisa Sanchez
2024-05-23,international,75,17,North Billyhaven,Albert Collins
2024-03-10,fire,56,114,North Jesse,Holly Kennedy
2024-09-20,education,39,18,Lake Kevin,Randy Kemp
2024-04-07,half,14,452,Port Courtneyton,Marcia Gonzalez
2024-04-03,building,69,462,Jessicatown,Kelly Crawford
2024-07-29,avoid,88,328,Prattborough,Terry Oconnell
2024-02-28,deep,14,404,Zacharyberg,Nathan Ball
2024-09-01,both,62,485,West Jamesborough,Joseph Watson
2024-07-29,along,10,473,Mendezmouth,Amber Wright
2024-01-22,per,65,296,East Jeffrey,Carla Barnett
2024-02-11,exist,100,423,Jacksonport,Christine Gaines
2024-05-08,people,55,390,Brittanyville,Mary Guerra
2024-08-05,view,93,322,Lake Allisonburgh,Vincent Phillips
2024-03-09,particularly,48,235,North Danielton,Jerry Mack
2024-05-16,read,65,438,South Aaron,Mr. Jesse Jones MD
2024-06-30,different,89,113,Crystalshire,Barry Hernandez
2024-02-22,smile,95,38,Michaeltown,Cynthia Garza
2024-09-08,car,77,377,East Heather,Andrew Allen
2024-08-09,head,90,339,East Christina,Megan Murphy
2024-03-03,safe,27,242,West Brandon,Emily Sherman
2024-10-11,music,60,17,Elizabethmouth,Dylan Castro
2024-04-08,skill,79,499,Lake Michael,Adam Acosta
2024-02-07,a,79,367,Rogershire,David Hernandez
2024-05-30,two,79,449,North Manuel,Alexis Wilson
2024-06-13,run,86,127,Smithton,Shannon Wiley
2024-05-16,dog,97,475,Lake Matthewfurt,Dr. Thomas Johnson MD
2024-03-26,thus,49,105,Jamesborough,Linda Patterson
2024-07-13,practice,51,388,Port John,Sarah Costa
2024-07-07,opportunity,73,335,Simonville,Amber Sparks
2024-01-26,feeling,7,232,Christineview,Brittany Wilson
2024-08-17,respond,80,271,New Megan,Julie Guzman
2024-04-06,husband,18,346,Christopherborough,Brenda Walsh
2024-10-01,nothing,82,410,Sarahburgh,Brittany Rivera
2024-07-01,employee,25,393,Lake Sandraport,Derek Johnson
2024-07-20,maintain,68,137,East Kent,Pamela Bryant
2024-05-13,what,6,87,Jackhaven,Audrey Saunders
2024-06-10,program,72,69,Jasonmouth,April Mcdonald
2024-01-09,law,2,103,Lake Jason,Robert Owens
2024-07-09,system,86,272,Nashland,Aaron Lopez
2024-03-10,performance,7,298,Lake Sherrystad,Joe Stewart
2024-05-08,challenge,34,61,South Desiree,Shawn Johns
2024-05-08,property,23,90,North Steven,Michele Dominguez
2024-02-27,drive,58,291,Jordanport,Christine Jordan
2024-03-18,minute,99,348,Paulaburgh,Ann Griffith
2024-05-01,reach,16,139,Meganhaven,Anna Ayers
2024-08-10,list,9,316,Lake Angelaton,Tony Hill
2024-09-21,painting,32,345,West Cody,Sandra Hernandez
2024-09-28,fast,32,456,Port Elizabethfurt,Mr. Manuel Buckley
2024-01-30,daughter,37,279,Calvintown,Peter Clark
2024-02-21,where,67,49,Mejiashire,Elizabeth Reynolds
2024-05-27,security,49,148,Lake Katie,Aaron Pena
2024-02-08,spend,56,196,Lake Angelahaven,Heather Dickerson
2024-03-11,produce,21,332,Carrieside,Megan Thomas
2024-04-24,them,13,97,Jonathanland,Antonio Knight
2024-06-12,often,9,262,New Patricia,Kathryn Moyer
2024-05-03,set,68,245,Ritaton,Kimberly Castillo
2024-04-20,mind,31,474,Keithside,Joshua Kelley
2024-09-03,thank,20,186,Lake Jonathon,Steve Bailey
2024-03-31,key,73,176,Fowlerport,Emily Anderson
2024-02-25,response,44,150,South Timothy,Rodney Nolan
2024-10-07,right,15,153,New Claire,Dennis Wallace
2024-04-26,partner,33,96,Mccarthyburgh,Brandon Nguyen
2024-07-17,second,12,408,Meganberg,Carl Crawford
2024-05-10,employee,24,411,Lake Robert,Brandon Good
2024-07-17,pressure,98,345,South Annville,Lance Vaughn MD
2024-09-19,bring,38,238,Adamsshire,Mark Burns
2024-01-03,anyone,9,255,Wellsshire,Daniel Hernandez
2024-05-22,commercial,40,278,East Rogerberg,Ricky Daniel
2024-05-08,however,99,498,Arnoldtown,Erica Horton
2024-06-03,because,22,393,North Joseph,Ashley Olson
2024-08-07,role,78,397,Douglasport,Jason Christensen
2024-07-16,we,33,456,South Markbury,Michael Atkins
2024-07-17,although,44,217,Nelsonbury,Samantha Green
2024-05-29,not,58,265,Lake Christineton,Lisa Johnson
2024-09-22,traditional,7,48,Sarahton,Nicole Stevens
2024-08-29,truth,84,312,Port Melanieshire,Selena Johnson
2024-01-22,family,20,124,South Allison,Krystal Kelly
2024-03-28,maybe,29,112,New Chrisside,Andrew Fitzgerald
2024-03-23,show,23,51,Williamsland,Cynthia Howard
2024-05-17,simple,12,284,Avilaborough,Lisa Herrera
2024-07-02,break,27,245,North Brian,James Powell
2024-06-27,assume,95,394,Monicashire,Lisa Parker
2024-03-27,war,50,169,New Robertmouth,Kellie Jacobs
2024-01-23,person,36,256,Port Joshua,Travis Hughes
2024-03-30,building,5,409,New Ryan,David Smith
2024-10-11,safe,84,465,Brightmouth,Glenn Long
2024-08-11,question,41,198,Port Nicholas,William Fritz
2024-08-11,avoid,25,396,Barryfurt,Jesse Palmer
2024-04-16,cup,23,58,Gomezview,Tony Moreno
2024-09-10,lead,34,490,Christopherport,Haley Barnett
2024-08-20,individual,60,285,Juliestad,Alice Weeks
2024-04-05,benefit,93,313,West Taylor,Jason Downs
2024-04-08,phone,64,397,Michaelton,Jennifer Anderson
2024-04-01,chair,45,323,North Ericland,Dean Gilbert
2024-10-15,read,86,384,New Jo,Dawn Park
2024-03-03,agency,24,20,Susanfort,Colleen Case
2024-08-10,analysis,93,94,New Patriciamouth,Eduardo Goodwin
